Classifier	Relation	Run	Fold	AUPRC (macro averaged)	AUROC (macro averaged)	Accuracy	Avg precision	Build Time	Empty labelvectors (predicted)	Exact match	F1 (macro averaged by example)	F1 (macro averaged by label)	F1 (micro averaged)	Hamming loss	Hamming score	Harmonic score	Jaccard distance	Jaccard index	Label cardinality (predicted)	Label cardinality (test set)	Label cardinality (train set)	Levenshtein distance	Log Loss (lim. D)	Log Loss (lim. L)	Number of test instances	Number of test instances (N)	Number of training instances	One error	Rank loss	Test Time	Total Time	ZeroOne loss
meka.classifiers.multilabel.meta.BaggingML -S 1 -I 10 -P 67 -W meka.classifiers.multilabel.MULANedit -- -S BPMLLwD -W weka.classifiers.trees.J48 -- -C 0.25 -M 2	20NG: -C 20	1	1	0.6420772425445057	0.9266967940760482	0.49342413027387105	0.18572750887352127	27674.736	0.2127461139896373	0.40891191709844554	0.5228169257340246	0.5716058594647447	0.580781627719581	0.04312953367876011	0.9568704663212398	0.5765265571929623	0.5065758697261289	0.49342413027387105	1.0237305699481865	1.0338860103626943	1.0238341968911917	0.04291709844559948	0.6748510941873161	0.6669695324862537	9650.0	9650	9650.0	0.4204145077720207	0.1129466759547183	241.073	27915.809	0.5910880829015545
meka.classifiers.multilabel.meta.BaggingML -S 1 -I 10 -P 67 -W meka.classifiers.multilabel.MULANedit -- -S BPMLLwD -W weka.classifiers.trees.J48 -- -C 0.25 -M 2	20NG: -C 20	1	2	0.5980281535155594	0.9041075872576199	0.4938105107327898	0.19673851614585477	27698.065	0.2127461139896373	0.40259067357512957	0.5253733037256378	0.5813156183082666	0.5835012087026592	0.04284974093264602	0.957150259067354	0.5836167632560307	0.5061894892672102	0.4938105107327898	1.033782383419689	1.0238341968911917	1.0338860103626943	0.04255440414508138	0.8485207831528384	0.8393030137726161	9650.0	9650	9650.0	0.41450777202072536	0.11974547768384565	231.19	27929.255	0.5974093264248704
