Classifier	Relation	Run	Fold	AUPRC (macro averaged)	AUROC (macro averaged)	Accuracy	Avg precision	Build Time	Empty labelvectors (predicted)	Exact match	F1 (macro averaged by example)	F1 (macro averaged by label)	F1 (micro averaged)	Hamming loss	Hamming score	Harmonic score	Jaccard distance	Jaccard index	Label cardinality (predicted)	Label cardinality (test set)	Label cardinality (train set)	Levenshtein distance	Log Loss (lim. D)	Log Loss (lim. L)	Number of test instances	Number of test instances (N)	Number of training instances	One error	Rank loss	Test Time	Total Time	ZeroOne loss
meka.classifiers.multilabel.meta.BaggingML -S 1 -I 10 -P 67 -W meka.classifiers.multilabel.MULANedit -- -S BPMLLwD3c -W weka.classifiers.trees.J48 -- -C 0.25 -M 2	20NG: -C 20	1	1	0.128407022282916	0.7465306569023551	0.03361649059058383	0.19366481693738588	29122.465	0.7311917098445596	0.010880829015543991	0.047128315553185716	0.11339889459007695	0.1251007252215955	0.09001036269429204	0.9099896373057079	0.10253337604449254	0.9663835094094162	0.03361649059058383	1.0237305699481865	1.0338860103626943	1.0238341968911917	0.08913989637304877	4.15702480134178	2.0497930016641077	9650.0	9650	9650.0	0.8836269430051813	0.287073053757901	202.069	29324.534	0.989119170984456
meka.classifiers.multilabel.meta.BaggingML -S 1 -I 10 -P 67 -W meka.classifiers.multilabel.MULANedit -- -S BPMLLwD3c -W weka.classifiers.trees.J48 -- -C 0.25 -M 2	20NG: -C 20	1	2	0.15236845147150055	0.7519369788200733	0.03245075477199822	0.1750306645138463	29226.172	0.7039378238341969	0.01077720207253885	0.04478899684081006	0.09981178322421101	0.1063658340048348	0.09193782383419033	0.9080621761658096	0.09027432327851229	0.9675492452280018	0.03245075477199822	1.033782383419689	1.0238341968911917	1.0338860103626943	0.09037305699481274	3.674359417466128	2.0541755509880892	9650.0	9650	9650.0	0.9192746113989637	0.2962716809294316	212.848	29439.02	0.9892227979274612
