Classifier	Relation	Run	Fold	AUPRC (macro averaged)	AUROC (macro averaged)	Accuracy	Avg precision	Build Time	Empty labelvectors (predicted)	Exact match	F1 (macro averaged by example)	F1 (macro averaged by label)	F1 (micro averaged)	Hamming loss	Hamming score	Harmonic score	Jaccard distance	Jaccard index	Label cardinality (predicted)	Label cardinality (test set)	Label cardinality (train set)	Levenshtein distance	Log Loss (lim. D)	Log Loss (lim. L)	Number of test instances	Number of test instances (N)	Number of training instances	One error	Rank loss	Test Time	Total Time	ZeroOne loss
meka.classifiers.multilabel.meta.BaggingML -S 1 -I 10 -P 67 -W meka.classifiers.multilabel.MULANedit -- -S BPMLLwD1 -W weka.classifiers.trees.J48 -- -C 0.25 -M 2	20NG: -C 20	1	1	0.12822741771744656	0.7343320574959109	0.027578268018682472	0.1789922973262933	27636.691	0.6275647668393782	0.012642487046632178	0.03668829673492887	0.08702164469257352	0.09014907332796132	0.09360621761657528	0.9063937823834247	0.07582414685489738	0.9724217319813175	0.027578268018682472	1.0237305699481865	1.0338860103626943	1.0238341968911917	0.09253367875647167	3.546686718427005	1.9740098716373984	9650.0	9650	9650.0	0.8955440414507772	0.316776970730563	232.792	27869.483	0.9873575129533678
meka.classifiers.multilabel.meta.BaggingML -S 1 -I 10 -P 67 -W meka.classifiers.multilabel.MULANedit -- -S BPMLLwD1 -W weka.classifiers.trees.J48 -- -C 0.25 -M 2	20NG: -C 20	1	2	0.15543297602179523	0.7499437351540644	0.03418459577267853	0.17230743471238222	27657.131	0.686839378238342	0.010569948186528455	0.04702086744573775	0.07890239041638601	0.10092667203867849	0.0924974093264189	0.9075025906735811	0.09116114305918202	0.9658154042273215	0.03418459577267853	1.033782383419689	1.0238341968911917	1.0338860103626943	0.0909948186528444	4.4556155161179625	2.2824893497997034	9650.0	9650	9650.0	0.8570984455958549	0.28293269875898797	229.99	27887.121	0.9894300518134715
