Classifier	Relation	Run	Fold	AUPRC (macro averaged)	AUROC (macro averaged)	Accuracy	Avg precision	Build Time	Empty labelvectors (predicted)	Exact match	F1 (macro averaged by example)	F1 (macro averaged by label)	F1 (micro averaged)	Hamming loss	Hamming score	Harmonic score	Jaccard distance	Jaccard index	Label cardinality (predicted)	Label cardinality (test set)	Label cardinality (train set)	Levenshtein distance	Log Loss (lim. D)	Log Loss (lim. L)	Number of test instances	Number of test instances (N)	Number of training instances	One error	Rank loss	Test Time	Total Time	ZeroOne loss
meka.classifiers.multilabel.meta.BaggingML -S 1 -I 10 -P 67 -W meka.classifiers.multilabel.MULANedit -- -S BPMLLwD2b -W weka.classifiers.trees.J48 -- -C 0.25 -M 2	20NG: -C 20	1	1	0.5940573071143922	0.9241478110308481	0.3684265975820408	0.18645359528892733	25469.913	0.3517098445595855	0.2626943005181347	0.4077468541820796	0.4721342133028704	0.5013094278807413	0.05130569948187078	0.9486943005181292	0.4889611528759339	0.6315734024179591	0.3684265975820408	1.0237305699481865	1.0338860103626943	1.0238341968911917	0.05095854922280345	0.6593440333571391	0.6463966486259972	9650.0	9650	9650.0	0.4682901554404145	0.14275585957044046	219.728	25689.641	0.7373056994818653
meka.classifiers.multilabel.meta.BaggingML -S 1 -I 10 -P 67 -W meka.classifiers.multilabel.MULANedit -- -S BPMLLwD2b -W weka.classifiers.trees.J48 -- -C 0.25 -M 2	20NG: -C 20	1	2	0.5763413103013127	0.919422551816153	0.35708808290155875	0.17118679631919836	25486.249	0.3797927461139896	0.23626943005181344	0.40191759190722126	0.4936680796015616	0.5054391619661562	0.050880829015549314	0.9491191709844506	0.49597524813013344	0.6429119170984412	0.35708808290155875	1.033782383419689	1.0238341968911917	1.0338860103626943	0.05050777202073081	0.785890103597583	0.7502593568611494	9650.0	9650	9650.0	0.47647668393782383	0.1350657515983377	225.579	25711.828	0.7637305699481866
