Classifier	Relation	Run	Fold	AUPRC (macro averaged)	AUROC (macro averaged)	Accuracy	Avg precision	Build Time	Empty labelvectors (predicted)	Exact match	F1 (macro averaged by example)	F1 (macro averaged by label)	F1 (micro averaged)	Hamming loss	Hamming score	Harmonic score	Jaccard distance	Jaccard index	Label cardinality (predicted)	Label cardinality (test set)	Label cardinality (train set)	Levenshtein distance	Log Loss (lim. D)	Log Loss (lim. L)	Number of test instances	Number of test instances (N)	Number of training instances	One error	Rank loss	Test Time	Total Time	ZeroOne loss
meka.classifiers.multilabel.meta.BaggingML -S 1 -I 10 -P 67 -W meka.classifiers.multilabel.MULANedit -- -S BPMLLwD2 -W weka.classifiers.trees.J48 -- -C 0.25 -M 2	20NG: -C 20	1	1	0.5101943107170062	0.88533929894623	0.22543449296817017	0.17842702560369686	30558.797	0.4967875647668394	0.13212435233160624	0.26452380952380994	0.3062666183162788	0.3811442385173247	0.06366839378238501	0.936331606217615	0.35943623798728835	0.7745655070318298	0.22543449296817017	1.0237305699481865	1.0338860103626943	1.0238341968911917	0.06316580310881005	0.392217741772082	0.38841210609798554	9650.0	9650	9650.0	0.558860103626943	0.251090914003999	362.016	30920.813	0.8678756476683938
meka.classifiers.multilabel.meta.BaggingML -S 1 -I 10 -P 67 -W meka.classifiers.multilabel.MULANedit -- -S BPMLLwD2 -W weka.classifiers.trees.J48 -- -C 0.25 -M 2	20NG: -C 20	1	2	0.46003598088882897	0.8857312857084665	0.30111398963730857	0.16966636885600272	30815.769	0.45575129533678754	0.18321243523316066	0.3472716506291618	0.4292897881332817	0.4628323932312651	0.05526424870466827	0.9447357512953317	0.45119447587301015	0.6988860103626915	0.30111398963730857	1.033782383419689	1.0238341968911917	1.0338860103626943	0.055010362694305634	1.1107458569510238	1.0685646837277405	9650.0	9650	9650.0	0.5180310880829015	0.165327848983423	340.684	31156.453	0.8167875647668393
