Classifier	Relation	Run	Fold	AUPRC (macro averaged)	AUROC (macro averaged)	Accuracy	Avg precision	Build Time	Empty labelvectors (predicted)	Exact match	F1 (macro averaged by example)	F1 (macro averaged by label)	F1 (micro averaged)	Hamming loss	Hamming score	Harmonic score	Jaccard distance	Jaccard index	Label cardinality (predicted)	Label cardinality (test set)	Label cardinality (train set)	Levenshtein distance	Log Loss (lim. D)	Log Loss (lim. L)	Number of test instances	Number of test instances (N)	Number of training instances	One error	Rank loss	Test Time	Total Time	ZeroOne loss
meka.classifiers.multilabel.meta.BaggingML -S 1 -I 10 -P 67 -W meka.classifiers.multilabel.MULANedit -- -S BPMLLwD3b -W weka.classifiers.trees.J48 -- -C 0.25 -M 2	20NG: -C 20	1	1	0.10757290696824051	0.6753885149101948	0.028324697754749568	0.18648689558137654	27961.602	0.38746113989637304	0.011606217616580317	0.033920552677029384	0.012420191625821465	0.043916196615632556	0.0983626943005093	0.9016373056994907	0.043951181153253575	0.9716753022452504	0.028324697754749568	1.0237305699481865	1.0338860103626943	1.0238341968911917	0.09618134715025171	4.192500745050255	2.758251033123285	9650.0	9650	9650.0	0.94860103626943	0.4706630153879491	196.886	28158.488	0.9883937823834197
meka.classifiers.multilabel.meta.BaggingML -S 1 -I 10 -P 67 -W meka.classifiers.multilabel.MULANedit -- -S BPMLLwD3b -W weka.classifiers.trees.J48 -- -C 0.25 -M 2	20NG: -C 20	1	2	0.06008935925420152	0.5085206709535015	0.01083592400690846	0.2066862254311542	27966.16	0.38673575129533677	0.0026943005181346846	0.013639896373057018	0.0038221159031656	0.01903706688154714	0.10092227979273612	0.8990777202072638	0.01810134818588593	0.9891640759930915	0.01083592400690846	1.033782383419689	1.0238341968911917	1.0338860103626943	0.09771502590672822	4.70231155585034	2.8180598760511266	9650.0	9650	9650.0	0.9776165803108808	0.5518044679921043	200.245	28166.405	0.9973056994818653
