Classifier	Relation	Run	Fold	AUPRC (macro averaged)	AUROC (macro averaged)	Accuracy	Avg precision	Build Time	Empty labelvectors (predicted)	Exact match	F1 (macro averaged by example)	F1 (macro averaged by label)	F1 (micro averaged)	Hamming loss	Hamming score	Harmonic score	Jaccard distance	Jaccard index	Label cardinality (predicted)	Label cardinality (test set)	Label cardinality (train set)	Levenshtein distance	Log Loss (lim. D)	Log Loss (lim. L)	Number of test instances	Number of test instances (N)	Number of training instances	One error	Rank loss	Test Time	Total Time	ZeroOne loss
meka.classifiers.multilabel.meta.BaggingML -S 1 -I 10 -P 67 -W meka.classifiers.multilabel.MULANedit -- -S BPMLLwD3d -W weka.classifiers.trees.J48 -- -C 0.25 -M 2	20NG: -C 20	1	1	0.05434785942284086	0.49691080013364425	0.013730569948186517	0.19082626551638796	30885.908	0.49202072538860103	0.002176165803108754	0.017936343449296798	0.00760914207692059	0.02669218372280419	0.10013471502589544	0.8998652849741046	0.02647337777907724	0.9862694300518134	0.013730569948186517	1.0237305699481865	1.0338860103626943	1.0238341968911917	0.09675129533677787	4.8351317706682195	2.828967723205764	9650.0	9650	9650.0	0.9667357512953368	0.5460605590636387	201.468	31087.376	0.9978238341968912
meka.classifiers.multilabel.meta.BaggingML -S 1 -I 10 -P 67 -W meka.classifiers.multilabel.MULANedit -- -S BPMLLwD3d -W weka.classifiers.trees.J48 -- -C 0.25 -M 2	20NG: -C 20	1	2	0.05449174063195465	0.5003309450970561	0.011474956822107075	0.18407796876157512	31010.612	0.3582383419689119	0.003730569948186546	0.014140759930915393	0.0038992287803527904	0.019238517324738115	0.10090155440413683	0.8990984455958632	0.018205370103379352	0.9885250431778929	0.011474956822107075	1.033782383419689	1.0238341968911917	1.0338860103626943	0.09790673575128939	4.82419969344992	2.841600944722856	9650.0	9650	9650.0	0.9775129533678757	0.5476461230797127	209.802	31220.414	0.9962694300518135
