Classifier	Relation	Run	Fold	AUPRC (macro averaged)	AUROC (macro averaged)	Accuracy	Avg precision	Build Time	Empty labelvectors (predicted)	Exact match	F1 (macro averaged by example)	F1 (macro averaged by label)	F1 (micro averaged)	Hamming loss	Hamming score	Harmonic score	Jaccard distance	Jaccard index	Label cardinality (predicted)	Label cardinality (test set)	Label cardinality (train set)	Levenshtein distance	Log Loss (lim. D)	Log Loss (lim. L)	Number of test instances	Number of test instances (N)	Number of training instances	One error	Rank loss	Test Time	Total Time	ZeroOne loss
meka.classifiers.multilabel.meta.BaggingML -S 1 -I 10 -P 67 -W meka.classifiers.multilabel.MULANedit -- -S BPMLLwD1b -W weka.classifiers.trees.J48 -- -C 0.25 -M 2	20NG: -C 20	1	1	0.053873641449138046	0.4950323035203388	0.06908462867012091	0.175215638540336	26138.907	0.02849740932642487	0.06041450777202073	0.07203799654576844	0.009149517671179634	0.07594681708299757	0.09506735751296468	0.9049326424870353	0.07303816770138001	0.9309153713298791	0.06908462867012091	1.0237305699481865	1.0338860103626943	1.0238341968911917	0.09467357512954504	5.120582620221516	2.839467122582592	9650.0	9650	9650.0	0.9187564766839378	0.5311273327393002	221.033	26359.94	0.9395854922279793
meka.classifiers.multilabel.meta.BaggingML -S 1 -I 10 -P 67 -W meka.classifiers.multilabel.MULANedit -- -S BPMLLwD1b -W weka.classifiers.trees.J48 -- -C 0.25 -M 2	20NG: -C 20	1	2	0.053847167858460665	0.4972967322415049	0.03288082901554403	0.17203974309145295	26083.878	0.4172020725388601	0.014093264248704718	0.03967550543533492	0.011237460611195441	0.053485092667203867	0.09737823834195959	0.9026217616580404	0.0528690701141604	0.967119170984456	0.03288082901554403	1.033782383419689	1.0238341968911917	1.0338860103626943	0.09532124352330733	4.985632284897525	2.841637498968583	9650.0	9650	9650.0	0.929740932642487	0.5347715792071058	211.859	26295.737	0.9859067357512953
