Classifier	Relation	Run	Fold	AUPRC (macro averaged)	AUROC (macro averaged)	Accuracy	Avg precision	Build Time	Empty labelvectors (predicted)	Exact match	F1 (macro averaged by example)	F1 (macro averaged by label)	F1 (micro averaged)	Hamming loss	Hamming score	Harmonic score	Jaccard distance	Jaccard index	Label cardinality (predicted)	Label cardinality (test set)	Label cardinality (train set)	Levenshtein distance	Log Loss (lim. D)	Log Loss (lim. L)	Number of test instances	Number of test instances (N)	Number of training instances	One error	Rank loss	Test Time	Total Time	ZeroOne loss
meka.classifiers.multilabel.meta.BaggingML -S 1 -I 10 -P 67 -W meka.classifiers.multilabel.MULANedit -- -S BPMLLwD3 -W weka.classifiers.trees.J48 -- -C 0.25 -M 2	20NG: -C 20	1	1	0.147266202198301	0.7518422703232321	0.03281495188749056	0.1828623659681027	24597.496	0.7519170984455958	0.006424870466321231	0.04844781643227203	0.11333705314012851	0.13084206285253827	0.08941968911916226	0.9105803108808377	0.10965272198905489	0.9671850481125095	0.03281495188749056	1.0237305699481865	1.0338860103626943	1.0238341968911917	0.08868911917097588	4.287061178034827	2.2408848541712967	9650.0	9650	9650.0	0.8939896373056995	0.33130038861058	371.42	24968.916	0.9935751295336788
meka.classifiers.multilabel.meta.BaggingML -S 1 -I 10 -P 67 -W meka.classifiers.multilabel.MULANedit -- -S BPMLLwD3 -W weka.classifiers.trees.J48 -- -C 0.25 -M 2	20NG: -C 20	1	2	0.46518132977044147	0.8976417826851565	0.22563557858376426	0.18338560714280702	24527.339	0.3892227979274611	0.11875647668393785	0.2666039970392308	0.375861850168281	0.36412167606768736	0.06541968911917348	0.9345803108808265	0.3549332464210139	0.7743644214162357	0.22563557858376426	1.033782383419689	1.0238341968911917	1.0338860103626943	0.06504663212435506	2.018044350017343	1.789943398614083	9650.0	9650	9650.0	0.6921243523316062	0.16306467810285102	302.323	24829.662	0.8812435233160621
