Classifier	Relation	Run	Fold	AUPRC (macro averaged)	AUROC (macro averaged)	Accuracy	Avg precision	Build Time	Empty labelvectors (predicted)	Exact match	F1 (macro averaged by example)	F1 (macro averaged by label)	F1 (micro averaged)	Hamming loss	Hamming score	Harmonic score	Jaccard distance	Jaccard index	Label cardinality (predicted)	Label cardinality (test set)	Label cardinality (train set)	Levenshtein distance	Log Loss (lim. D)	Log Loss (lim. L)	Number of test instances	Number of test instances (N)	Number of training instances	One error	Rank loss	Test Time	Total Time	ZeroOne loss
meka.classifiers.multilabel.meta.BaggingML -S 1 -I 10 -P 67 -W meka.classifiers.multilabel.MULANedit -- -S BPMLLwD3b -W weka.classifiers.trees.J48 -- -C 0.25 -M 2	bibsonomy_bibtex: -C -159	1	1	0.07216019375841033	0.7811094844684616	0.07214623287586143	0.040957030053916633	48972.381	0.0	0.0035154137371552485	0.10673641255583052	0.012310604389702001	0.10154227175503772	0.027147089536755185	0.9728529104632448	0.15413313055337605	0.9278537671241386	0.07214623287586143	2.366955110870741	2.4372633856138455	2.3665133892345143	0.026847760645734683	2.295480543653238	2.2758527673722067	3698.0	3698	3697.0	0.9383450513791238	0.22517335528584814	342.33	49314.711	0.9964845862628448
meka.classifiers.multilabel.meta.BaggingML -S 1 -I 10 -P 67 -W meka.classifiers.multilabel.MULANedit -- -S BPMLLwD3b -W weka.classifiers.trees.J48 -- -C 0.25 -M 2	bibsonomy_bibtex: -C -159	1	2	0.06827632209689968	0.7663585315719387	0.09604591453387752	0.04294498986796246	49581.64	0.0	0.01893427103056533	0.13255968627891768	0.011358267712348767	0.11115490737091051	0.026853321493035164	0.9731466785069648	0.18404314727204096	0.9039540854661224	0.09604591453387752	2.437111171219908	2.3665133892345143	2.4372633856138455	0.026601545022907243	2.8943865610001214	2.8541442129046053	3697.0	3697	3698.0	0.9204760616716257	0.2560199761918982	360.121	49941.761	0.9810657289694347
