Classifier	Relation	Run	Fold	AUPRC (macro averaged)	AUROC (macro averaged)	Accuracy	Avg precision	Build Time	Empty labelvectors (predicted)	Exact match	F1 (macro averaged by example)	F1 (macro averaged by label)	F1 (micro averaged)	Hamming loss	Hamming score	Harmonic score	Jaccard distance	Jaccard index	Label cardinality (predicted)	Label cardinality (test set)	Label cardinality (train set)	Levenshtein distance	Log Loss (lim. D)	Log Loss (lim. L)	Number of test instances	Number of test instances (N)	Number of training instances	One error	Rank loss	Test Time	Total Time	ZeroOne loss
meka.classifiers.multilabel.meta.BaggingML -S 1 -I 10 -P 67 -W meka.classifiers.multilabel.MULANedit -- -S BPMLLwD3c -W weka.classifiers.trees.J48 -- -C 0.25 -M 2	bibsonomy_bibtex: -C -159	1	1	0.29224563524258906	0.9221358729764483	0.28188479631907	0.03979928964013824	51943.308	0.24607896160086534	0.10600324499729585	0.3556234912336577	0.24671416788794767	0.40736362100996454	0.017903609294161717	0.9820963907058383	0.4657504668915174	0.71811520368093	0.28188479631907	2.366143861546782	2.4372633856138455	2.3665133892345143	0.017665506767213582	0.17329332125572655	0.17324757685464554	3698.0	3698	3697.0	0.43834505137912383	0.062288237884114424	354.122	52297.43	0.8939967550027041
meka.classifiers.multilabel.meta.BaggingML -S 1 -I 10 -P 67 -W meka.classifiers.multilabel.MULANedit -- -S BPMLLwD3c -W weka.classifiers.trees.J48 -- -C 0.25 -M 2	bibsonomy_bibtex: -C -159	1	2	0.29179082782589105	0.9223059734847651	0.28698142914399427	0.040654204923497736	52166.937	0.2364078982959156	0.117392480389505	0.35954150944309043	0.23028019551209786	0.4029506165887719	0.018037742653825763	0.9819622573461743	0.47912894779524645	0.7130185708560057	0.28698142914399427	2.437111171219908	2.3665133892345143	2.4372633856138455	0.017794472145526465	0.17478719580709534	0.17470782755178807	3697.0	3697	3698.0	0.4335948065999459	0.062017232643138034	347.815	52514.752	0.882607519610495
