Classifier	Relation	Run	Fold	AUPRC (macro averaged)	AUROC (macro averaged)	Accuracy	Avg precision	Build Time	Empty labelvectors (predicted)	Exact match	F1 (macro averaged by example)	F1 (macro averaged by label)	F1 (micro averaged)	Hamming loss	Hamming score	Harmonic score	Jaccard distance	Jaccard index	Label cardinality (predicted)	Label cardinality (test set)	Label cardinality (train set)	Levenshtein distance	Log Loss (lim. D)	Log Loss (lim. L)	Number of test instances	Number of test instances (N)	Number of training instances	One error	Rank loss	Test Time	Total Time	ZeroOne loss
meka.classifiers.multilabel.meta.BaggingML -S 1 -I 10 -P 67 -W meka.classifiers.multilabel.MULANedit -- -S BPMLLwD1b -W weka.classifiers.trees.J48 -- -C 0.25 -M 2	bibsonomy_bibtex: -C -159	1	1	0.041264619304386095	0.648879475605733	0.06505629383536353	0.03884431622809669	52118.896	0.0	0.0	0.09644726255056156	0.002477065486595942	0.08759781568428757	0.027563768958914426	0.9724362310410856	0.13143934136353622	0.9349437061646365	0.06505629383536353	2.366143861546782	2.4372633856138455	2.3665133892345143	0.027242330547534464	3.8744636628831635	3.7464249990284886	3698.0	3698	3697.0	0.9383450513791238	0.3423153240933625	350.849	52469.745	1.0
meka.classifiers.multilabel.meta.BaggingML -S 1 -I 10 -P 67 -W meka.classifiers.multilabel.MULANedit -- -S BPMLLwD1b -W weka.classifiers.trees.J48 -- -C 0.25 -M 2	bibsonomy_bibtex: -C -159	1	2	0.05917158480336318	0.7161226502651418	0.09082730001042119	0.03951351879678311	52812.218	0.0	0.002163916689207457	0.13442928453747974	0.01007248754290338	0.12331775437806182	0.026485863942037526	0.9735141360579624	0.19201318377201546	0.9091726999895788	0.09082730001042119	2.437111171219908	2.3665133892345143	2.4372633856138455	0.026227282702446664	3.5785333478383294	3.4947747808968	3697.0	3697	3698.0	0.9204760616716257	0.2978479565807544	365.516	53177.734	0.9978360833107925
