Classifier	Relation	Run	Fold	AUPRC (macro averaged)	AUROC (macro averaged)	Accuracy	Avg precision	Build Time	Empty labelvectors (predicted)	Exact match	F1 (macro averaged by example)	F1 (macro averaged by label)	F1 (micro averaged)	Hamming loss	Hamming score	Harmonic score	Jaccard distance	Jaccard index	Label cardinality (predicted)	Label cardinality (test set)	Label cardinality (train set)	Levenshtein distance	Log Loss (lim. D)	Log Loss (lim. L)	Number of test instances	Number of test instances (N)	Number of training instances	One error	Rank loss	Test Time	Total Time	ZeroOne loss
meka.classifiers.multilabel.meta.BaggingML -S 1 -I 10 -P 67 -W meka.classifiers.multilabel.MULANedit -- -S BPMLLwD2b -W weka.classifiers.trees.J48 -- -C 0.25 -M 2	bibsonomy_bibtex: -C -159	1	1	0.1929425415383535	0.8308836609255844	0.18952162249532886	0.041689797672724016	52042.652	0.0	0.04975662520281232	0.25695098348559575	0.10012536515939784	0.276980239824354	0.021842505382817894	0.9781574946171822	0.36217084598364496	0.8104783775046711	0.18952162249532886	2.366143861546782	2.4372633856138455	2.3665133892345143	0.021553380885809457	0.5456988303332757	0.5435826902227626	3698.0	3698	3697.0	0.560302866414278	0.16236060084833473	335.073	52377.725	0.9502433747971877
meka.classifiers.multilabel.meta.BaggingML -S 1 -I 10 -P 67 -W meka.classifiers.multilabel.MULANedit -- -S BPMLLwD2b -W weka.classifiers.trees.J48 -- -C 0.25 -M 2	bibsonomy_bibtex: -C -159	1	2	0.19049162011820223	0.8394558324641787	0.23952939510824334	0.040462966406356826	51554.356	0.17690018934271032	0.076819042466865	0.31508006314606135	0.12645135104293048	0.34483923644349346	0.019793373175258432	0.9802066268247416	0.4474174791149179	0.7604706048917567	0.23952939510824334	2.437111171219908	2.3665133892345143	2.4372633856138455	0.019449732317381112	0.9636651003080293	0.9581649142836386	3697.0	3697	3698.0	0.4925615363808493	0.1552386236264748	324.807	51879.163	0.923180957533135
