Classifier	Relation	Run	Fold	AUPRC (macro averaged)	AUROC (macro averaged)	Accuracy	Avg precision	Build Time	Empty labelvectors (predicted)	Exact match	F1 (macro averaged by example)	F1 (macro averaged by label)	F1 (micro averaged)	Hamming loss	Hamming score	Harmonic score	Jaccard distance	Jaccard index	Label cardinality (predicted)	Label cardinality (test set)	Label cardinality (train set)	Levenshtein distance	Log Loss (lim. D)	Log Loss (lim. L)	Number of test instances	Number of test instances (N)	Number of training instances	One error	Rank loss	Test Time	Total Time	ZeroOne loss
meka.classifiers.multilabel.meta.BaggingML -S 1 -I 10 -P 67 -W meka.classifiers.multilabel.MULANedit -- -S BPMLLwD3d -W weka.classifiers.trees.J48 -- -C 0.25 -M 2	bibsonomy_bibtex: -C -159	1	1	0.06503823617909421	0.7492166711043584	0.09584555618934061	0.04079375453756757	58876.388	0.0	0.05300162249864793	0.12138294599476679	0.008357827979097369	0.10009570455441086	0.027186206380467832	0.9728137936195321	0.15043267557279258	0.9041544438106593	0.09584555618934061	2.366143861546782	2.4372633856138455	2.3665133892345143	0.02682054892836893	2.899555571316011	2.858966931083586	3698.0	3698	3697.0	0.9383450513791238	0.26193215586640656	344.145	59220.533	0.9469983775013521
meka.classifiers.multilabel.meta.BaggingML -S 1 -I 10 -P 67 -W meka.classifiers.multilabel.MULANedit -- -S BPMLLwD3d -W weka.classifiers.trees.J48 -- -C 0.25 -M 2	bibsonomy_bibtex: -C -159	1	2	0.06545522889889877	0.7632795906594488	0.1144828438174392	0.04322725301494368	60128.777	0.0	0.07249120908845008	0.13945070422619718	0.011692029477444202	0.11025395574075117	0.02688054057088645	0.9731194594291136	0.17291758352153463	0.8855171561825608	0.1144828438174392	2.437111171219908	2.3665133892345143	2.4372633856138455	0.026312342320732887	2.595287236734105	2.573235757688989	3697.0	3697	3698.0	0.9129023532593995	0.2286996748874969	319.003	60447.78	0.9275087909115499
