Classifier	Relation	Run	Fold	AUPRC (macro averaged)	AUROC (macro averaged)	Accuracy	Avg precision	Build Time	Empty labelvectors (predicted)	Exact match	F1 (macro averaged by example)	F1 (macro averaged by label)	F1 (micro averaged)	Hamming loss	Hamming score	Harmonic score	Jaccard distance	Jaccard index	Label cardinality (predicted)	Label cardinality (test set)	Label cardinality (train set)	Levenshtein distance	Log Loss (lim. D)	Log Loss (lim. L)	Number of test instances	Number of test instances (N)	Number of training instances	One error	Rank loss	Test Time	Total Time	ZeroOne loss
meka.classifiers.multilabel.meta.BaggingML -S 1 -I 10 -P 67 -W meka.classifiers.multilabel.MULANedit -- -S BPMLLwD3 -W weka.classifiers.trees.J48 -- -C 0.25 -M 2	bibsonomy_bibtex: -C -159	1	1	0.2821586473826598	0.9204776609315385	0.2570577612295217	0.04137021987347289	49453.097	0.26392644672796106	0.09356408869659272	0.3273320681061292	0.2124581805019922	0.3833811856105387	0.018628121269018215	0.9813718787309818	0.439870206847558	0.7429422387704783	0.2570577612295217	2.366143861546782	2.4372633856138455	2.3665133892345143	0.01835430336302785	0.19240851710670004	0.19231937929191226	3698.0	3698	3697.0	0.4591671173607355	0.06356376468210982	405.163	49858.26	0.9064359113034073
meka.classifiers.multilabel.meta.BaggingML -S 1 -I 10 -P 67 -W meka.classifiers.multilabel.MULANedit -- -S BPMLLwD3 -W weka.classifiers.trees.J48 -- -C 0.25 -M 2	bibsonomy_bibtex: -C -159	1	2	0.2818498047351384	0.9200800731057084	0.27249011412602037	0.03850386049187442	48061.519	0.2420881796050852	0.11171219908033536	0.342880906045395	0.21210440229051525	0.3870713441072132	0.018517478900961427	0.9814825210990386	0.4620751069226773	0.7275098858739797	0.27249011412602037	2.437111171219908	2.3665133892345143	2.4372633856138455	0.018218069044593048	0.2075728813068696	0.20744070348446206	3697.0	3697	3698.0	0.4563159318366243	0.06353282890486803	390.476	48451.995	0.8882878009196646
