Classifier	Relation	Run	Fold	AUPRC (macro averaged)	AUROC (macro averaged)	Accuracy	Avg precision	Build Time	Empty labelvectors (predicted)	Exact match	F1 (macro averaged by example)	F1 (macro averaged by label)	F1 (micro averaged)	Hamming loss	Hamming score	Harmonic score	Jaccard distance	Jaccard index	Label cardinality (predicted)	Label cardinality (test set)	Label cardinality (train set)	Levenshtein distance	Log Loss (lim. D)	Log Loss (lim. L)	Number of test instances	Number of test instances (N)	Number of training instances	One error	Rank loss	Test Time	Total Time	ZeroOne loss
meka.classifiers.multilabel.meta.BaggingML -S 1 -I 10 -P 67 -W meka.classifiers.multilabel.MULANedit -- -S BPMLLwD1 -W weka.classifiers.trees.J48 -- -C 0.25 -M 2	bibsonomy_bibtex: -C -159	1	1	0.2981153449388941	0.9222406242095211	0.290237375390917	0.03932332981739363	49182.005	0.23445105462412114	0.10789616008653324	0.3656995931254436	0.26307011701619476	0.4159207341102291	0.01764509797918945	0.9823549020208105	0.47509294901186017	0.709762624609083	0.290237375390917	2.366143861546782	2.4372633856138455	2.3665133892345143	0.01743590790194216	0.14929654914233895	0.14925519146953717	3698.0	3698	3697.0	0.43591130340724715	0.06101270968956299	301.031	49483.036	0.8921038399134668
meka.classifiers.multilabel.meta.BaggingML -S 1 -I 10 -P 67 -W meka.classifiers.multilabel.MULANedit -- -S BPMLLwD1 -W weka.classifiers.trees.J48 -- -C 0.25 -M 2	bibsonomy_bibtex: -C -159	1	2	0.2973821422989414	0.9233325165143638	0.29936221001512486	0.039990026109689436	50034.94	0.2150392209899919	0.12226129294022181	0.3739136585132171	0.253112425539729	0.4143251309195337	0.0176941017959484	0.9823058982040516	0.4933081690323341	0.7006377899848751	0.29936221001512486	2.437111171219908	2.3665133892345143	2.4372633856138455	0.017506970635718173	0.15078099262192787	0.15070355043944175	3697.0	3697	3698.0	0.4357587232891534	0.0600170967249222	294.139	50329.079	0.8777387070597782
