Classifier	Relation	Run	Fold	AUPRC (macro averaged)	AUROC (macro averaged)	Accuracy	Avg precision	Build Time	Empty labelvectors (predicted)	Exact match	F1 (macro averaged by example)	F1 (macro averaged by label)	F1 (micro averaged)	Hamming loss	Hamming score	Harmonic score	Jaccard distance	Jaccard index	Label cardinality (predicted)	Label cardinality (test set)	Label cardinality (train set)	Levenshtein distance	Log Loss (lim. D)	Log Loss (lim. L)	Number of test instances	Number of test instances (N)	Number of training instances	One error	Rank loss	Test Time	Total Time	ZeroOne loss
meka.classifiers.multilabel.meta.BaggingML -S 1 -I 10 -P 67 -W meka.classifiers.multilabel.MULANedit -- -S BPMLLwD -W weka.classifiers.trees.J48 -- -C 0.25 -M 2	bibsonomy_bibtex: -C -159	1	1	0.18055599158437155	0.8430746400349114	0.14529748878917537	0.04227707346928436	46758.019	0.0	0.03704705246078965	0.2002971600730588	0.09305375546041077	0.22135900467263414	0.02352282893013766	0.9764771710698623	0.2898288767609792	0.8547025112108246	0.14529748878917537	2.366143861546782	2.4372633856138455	2.3665133892345143	0.02311635390199049	0.6747427356315945	0.6561080402708452	3698.0	3698	3697.0	0.92644672796106	0.17484147861451765	499.335	47257.354	0.9629529475392103
meka.classifiers.multilabel.meta.BaggingML -S 1 -I 10 -P 67 -W meka.classifiers.multilabel.MULANedit -- -S BPMLLwD -W weka.classifiers.trees.J48 -- -C 0.25 -M 2	bibsonomy_bibtex: -C -159	1	2	0.18987928303085302	0.8500553119704229	0.15986628254683424	0.04054320280768257	48745.656	0.08033540708682715	0.02677846902894243	0.22424601506925695	0.08402504035649273	0.23649980291683093	0.023066467286921633	0.9769335327130784	0.3290397688552337	0.8401337174531658	0.15986628254683424	2.437111171219908	2.3665133892345143	2.4372633856138455	0.02278406935421056	0.8036164862777673	0.8026008288421419	3697.0	3697	3698.0	0.606978631322694	0.17503218876169738	459.795	49205.451	0.9732215309710576
