Classifier	Relation	Run	Fold	AUPRC (macro averaged)	AUROC (macro averaged)	Accuracy	Avg precision	Build Time	Empty labelvectors (predicted)	Exact match	F1 (macro averaged by example)	F1 (macro averaged by label)	F1 (micro averaged)	Hamming loss	Hamming score	Harmonic score	Jaccard distance	Jaccard index	Label cardinality (predicted)	Label cardinality (test set)	Label cardinality (train set)	Levenshtein distance	Log Loss (lim. D)	Log Loss (lim. L)	Number of test instances	Number of test instances (N)	Number of training instances	One error	Rank loss	Test Time	Total Time	ZeroOne loss
meka.classifiers.multilabel.meta.BaggingML -S 1 -I 10 -P 67 -W meka.classifiers.multilabel.MULANedit -- -S BPMLLwD2 -W weka.classifiers.trees.J48 -- -C 0.25 -M 2	bibsonomy_bibtex: -C -159	1	1	0.11694600177781707	0.7268364031723203	0.1399173650998959	0.044396716654644376	48080.415	0.0	0.04867495943753375	0.18673752408879485	0.047570116329908416	0.21505376344086022	0.02371331095169601	0.976286689048304	0.28307462243456555	0.8600826349001041	0.1399173650998959	2.366143861546782	2.4372633856138455	2.3665133892345143	0.023352755696603125	1.4897066292626897	1.4609021236950666	3698.0	3698	3697.0	0.7977285018929151	0.2379989548518809	414.869	48495.284	0.9513250405624663
meka.classifiers.multilabel.meta.BaggingML -S 1 -I 10 -P 67 -W meka.classifiers.multilabel.MULANedit -- -S BPMLLwD2 -W weka.classifiers.trees.J48 -- -C 0.25 -M 2	bibsonomy_bibtex: -C -159	1	2	0.11594183980070709	0.7073766930590203	0.16794984236152724	0.04217215289314715	48929.021	0.0611306464701109	0.07140925074384641	0.21761847385325794	0.04892540403275987	0.23323385325750323	0.0231651364441339	0.9768348635558661	0.3194757188027737	0.8320501576384728	0.16794984236152724	2.437111171219908	2.3665133892345143	2.4372633856138455	0.022761953853456047	0.8550182331844172	0.8530117606685347	3697.0	3697	3698.0	0.6099540167703543	0.24178282905690518	391.269	49320.29	0.9285907492561536
